Aba	931872	Nigeria
Abeokuta	612277	Nigeria
Abidjan	3796677	Ivory Coast
Abu Dhabi	619316	United Arab Emirates
Acapulco	658347	Mexico
Accra	2029143	Ghana
Adana	1271894	Turkey
ad-Dammam	793553	Saudi Arabia
Addis Abeba	2823167	Ethiopia
Adelaide	1076969	Australia
Aden	625361	Yemen
Agadir	718498	Morocco
Agra	1475091	India
Aguascalientes	671584	Mexico
Ahmadabad	3769846	India
Ahvaz	841145	Iran
Ajmer	525927	India
al-Basrah	2141270	Iraq
Aleppo	1626218	Syria
Alexandria	3865502	Egypt
Algiers	2029936	Algeria
al-H_artum Bah?ri	1626638	Sudan
al-H?udaydah	677315	Yemen
Aligarh	775694	India
Allahabad	1094199	India
al-Madinah	975218	Saudi Arabia
Almaty	1216378	Kazakhstan
al-Mawsil	2143094	Iraq
Amman	1303197	Jordan
Ampang Jaya	682053	Malaysia
Amravati	617885	India
Amritsar	1123365	India
Amsterdam	744159	Netherlands
Ankara	3579706	Turkey
Ansan	668533	Korea (South)
Anshan	1203894	China
Antalya	792373	Turkey
Antananarivo	1463754	Madagascar
Antipolo	566150	Philippines
Anyang	792081	China
Anyang	643315	Korea (South)
Arak	521166	Iran
Arequipa	859704	Peru
Asansol	508320	India
Asgabat	823013	Turkmenistan
Asmara	578860	Eritrea
as-Sulaymaniyah	748150	Iraq
Astrakhan	501970	Russia
Asunci n	507574	Paraguay
Athens	725049	Greece
at-Ta?if	540437	Saudi Arabia
Aurangabad	1055728	India
Austin	683404	United States of America
Baghdad	5753612	Iraq
Bahawalpur	576203	Pakistan
Baku	1118725	Azerbaijan
Baltimore	602658	United States of America
Bamako	1342519	Mali
Bandar Lampung	828507	Indonesia
Bandung	1676048	Indonesia
Bangalore	5104047	India
Bangkok	4935988	Thailand
Bangui	547668	Central African Republic
Banjarmasin	581573	Indonesia
Baoding	1027984	China
Baotou	1301768	China
Barcelona	1591485	Spain
Bareli	756432	India
Barnaul	599296	Russia
Barquisimeto	821253	Venezuela
Barranquilla	1405405	Colombia
Bayrut	1273440	Lebanon
Beira	545724	Mozambique
Bekasi	1569289	Indonesia
Bel m	1436287	Brazil
Belgrade	1113589	Serbia and Montenegro
Belo Horizonte	2399577	Brazil
Bengbu	585037	China
Benghazi	665689	Libya
Benin	1147188	Nigeria
Benoni	637712	South Africa
Benxi	1011025	China
Berlin	3378275	Germany
Bhavnagar	566241	India
Bhilai	643975	India
Bhiwandi	736978	India
Bhopal	1643049	India
Bhubaneswar	794039	India
Bikaner	587937	India
Birmingham	986969	United Kingdom
Biskek	915625	Kyrgyzstan
Blantyre	601381	Malawi
Bogor	785354	Indonesia
Bogot	7235084	Colombia
Bombay	12883645	India
Boston	567759	United States of America
Bouak	582461	Ivory Coast
Bras lia	2260541	Brazil
Brazzaville	1326975	Congo
Bremen	547915	Germany
Brisbane	1891999	Australia
Brussels	1031925	Belgium
Bucaramanga	581337	Colombia
Bucharest	1862930	Romania
Budapest	1700019	Hungary
Buenos Aires	11595183	Argentina
Bulawayo	706492	Zimbabwe
Bursa	1458459	Turkey
Cairo	7836243	Egypt
Calcutta	4638350	India
Calgary	991432	Canada
Cali	2445713	Colombia
Campinas	1047239	Brazil
Campo Grande	745017	Brazil
Canc n	576597	Mexico
Cangzhou	544887	China
Cape Town	3546429	South Africa
Caracas	1808937	Venezuela
Cartagena	976761	Colombia
Casablanca	3177281	Morocco
Cebu	814296	Philippines
Chandigarh	942769	India
Changchun	2602574	China
Changde	535634	China
Changsha	2131620	China
Changwon	536169	Korea (South)
Changzhi	708847	China
Changzhou	963755	China
Charlotte	607111	United States of America
Chattagam	3795034	Bangladesh
Chelyabinsk	1058281	Russia
Chengdu	3961709	China
Chiba	926276	Japan
Chicago	2830144	United States of America
Chiclayo	592137	Peru
Chihuahua	718551	Mexico
Chimalhuac n	615338	Mexico
Chisinau	623671	Moldova
Chongju	643591	Korea (South)
Chongqing	4133663	China
Chonju	729337	Korea (South)
Ciudad Guayana	769243	Venezuela
Cochabamba	932871	Bolivia
Cologne	960974	Germany
Colombo	649496	Sri Lanka
Columbus	741677	United States of America
Conakry	1970382	Guinea
Contagem	646211	Brazil
Copenhagen	1091978	Denmark
C rdoba	1442911	Argentina
Cotonou	701137	Benin
Cracow	753829	Poland
C cuta	740957	Colombia
Cuiab	531408	Brazil
Culiac n	591064	Mexico
Curitiba	1746484	Brazil
Dakar	2406598	Senegal
Dalian	2076179	China
Dallas	1216543	United States of America
Damascus	1580909	Syria
Dandong	643176	China
Dar es Salaam	2805523	Tanzania
Datong	1061482	China
Davao	1245382	Philippines
Dehra Dun	542267	India
Delhi	11215130	India
Denver	556575	United States of America
Depok	1255343	Indonesia
Detroit	871789	United States of America
Dhaka	6724976	Bangladesh
Diyarbakir	665699	Turkey
Dnipropetrovs?k	1025044	Ukraine
Donetsk	980419	Ukraine
Dortmund	587233	Germany
Douala	1371448	Cameroon
Dubai	1182439	United Arab Emirates
Dublin	1030431	Ireland
Duisburg	502251	Germany
Duque de Caxias	829012	Brazil
Durban	3244028	South Africa
Durgapur	525047	India
Dushanbe	538456	Tajikistan
D sseldorf	573521	Germany
Ecatepec	1844447	Mexico
Edmonton	831979	Canada
El Alto	872211	Bolivia
El Paso	603545	United States of America
Enugu	671501	Nigeria
Esfahan	1573378	Iran
Eskisehir	520701	Turkey
Essen	596204	Germany
Faisalabad	2582175	Pakistan
Faridabad	1344436	India
Fez	983226	Morocco
Fortaleza	2349632	Brazil
Fort Worth	633849	United States of America
Foshan	663558	China
Frankfurt	642811	Germany
Freetown	818709	Sierra Leone
Fukuoka	1402674	Japan
Funabashi	562813	Japan
Fushun	1410771	China
Fuxin	695149	China
Fuzhou	1202136	China
Gaziantep	1102364	Turkey
Genoa	599064	Italy
Ghaziabad	1264968	India
Gizeh	2468625	Egypt
Glasgow	607192	United Kingdom
Goi nia	1188787	Brazil
Gold Coast	523174	Australia
Gorakhpur	686562	India
G teborg	518990	Sweden
Guadalajara	1637213	Mexico
Guadalupe	736036	Mexico
Guangzhou	3158125	China
Guarulhos	1198633	Brazil
Guatemala	1010253	Guatemala
Guayaquil	1952029	Ecuador
Guilin	670048	China
Guiyang	1183692	China
Gujranwala	1421834	Pakistan
Guntur	534020	India
Guwahati	923348	India
Gwalior	895900	India
Hachioji	588315	Japan
Haikou	631179	China
Hai Phong	611819	Vietnam
Hamadan	528261	Iran
Hamamatsu	609786	Japan
Hamburg	1743891	Germany
Hamhung	564522	Korea (North)
Hamilton	661942	Canada
Handan	1369601	China
Hangzhou	1894655	China
Ha Noi	1452055	Vietnam
Hanover	514259	Germany
Haora	1031223	India
Harare	1575127	Zimbabwe
Harbin	3279454	China
Hargeysa	500710	Somalia
Havanna	2163132	Cuba
Hefei	1406741	China
Hegang	753760	China
Helsinki	558341	Finland
Hengyang	761888	China
Hermosillo	606231	Mexico
Higashiosaka	512691	Japan
H?ims	798781	Syria
Hiroshima	1147357	Japan
Ho Chi Minh City	3496586	Vietnam
Hohhot	783645	China
Houston	2043005	United States of America
Huaibei	932185	China
Huainan	1075754	China
Huaiyin	558201	China
Huangshi	697355	China
Hubli	853730	India
Hyderabad	3632094	India
Hyderabad	1417082	Pakistan
Ibadan	3707361	Nigeria
Ilorin	831676	Nigeria
Inchon	2618428	Korea (South)
Indianapolis	771725	United States of America
Indore	1901271	India
Ipoh	692247	Malaysia
Irbil	962936	Iraq
Irkutsk	584442	Russia
Islamabad	794431	Pakistan
Istanbul	10034830	Turkey
Izhevsk	630755	Russia
Izmir	2557851	Turkey
Jabalpur	1049768	India
Jaboat o	729890	Brazil
Jacksonville	809874	United States of America
Jaipur	2817522	India
Jakarta	8556798	Indonesia
Jalandhar	807409	India
Jamnagar	503563	India
Jamshedpur	627761	India
Jerusalem	731731	Israel
Jiamusi	554612	China
Jiangmen	553611	China
Jiaozuo	526026	China
Jibuti	633884	Djibouti
Jiddah	2934584	Saudi Arabia
Jilin	1955804	China
Jinan	2109987	China
Jinzhou	603987	China
Jiulong	1983415	China
Jo o Pessoa	662337	Brazil
Jodhpur	940513	India
Johannesburg	2091491	South Africa
Johor Bahru	838947	Malaysia
Jos	839334	Nigeria
Ju rez	1449006	Mexico
Kabul	3120963	Afghanistan
Kaduna	1619164	Nigeria
Kagoshima	556069	Japan
Kaifeng	581579	China
Kalyan	1278933	India
Kampala	1403619	Uganda
Kano	3739214	Nigeria
Kanpur	2898859	India
Kaohsiung	1516276	Taiwan
Karachi	11969284	Pakistan
Karaj	1523085	Iran
Kataka	606184	India
Kathmandu	822930	Nepal
Kawasaki	1318034	Japan
Kayseri	603693	Turkey
Kazan	1104802	Russia
Kerman	606967	Iran
Kermanshah	765075	Iran
Khabarovsk	576745	Russia
Kharkiv	1421205	Ukraine
Khartoum	2090001	Sudan
Khulna	1371363	Bangladesh
Kiev	2491404	Ukraine
Kigali	800003	Rwanda
Kingston	585300	Jamaica
Kinshasa	8096254	Congo (Dem. Rep.)
Kirkuk	610954	Iraq
Kisangani	547531	Congo (Dem. Rep.)
Kitakyushu	994767	Japan
Klang	936664	Malaysia
Kobe	1535384	Japan
Kochi	606223	India
Kolhapur	523722	India
Kolwezi	940665	Congo (Dem. Rep.)
Konya	903797	Turkey
Kota	780296	India
Koyampattur	968524	India
Koyang	1300684	Korea (South)
Krasnodar	651249	Russia
Krasnoyarsk	906949	Russia
Kryvyy Rih	648399	Ukraine
Kuala Lumpur	1482359	Malaysia
Kuching	602113	Malaysia
Kumamoto	684505	Japan
Kumasi	1535478	Ghana
Kunming	1044356	China
Kwangju	1429400	Korea (South)
Kyoto	1458183	Japan
Lagos	9020089	Nigeria
Lahore	6485175	Pakistan
Lakhnau	2541101	India
Langfang	726100	China
Lanzhou	1431171	China
La Paz	817032	Bolivia
La Plata	696856	Argentina
Las Vegas	553807	United States of America
Leipzig	502467	Germany
Le n	1134232	Mexico
Liaoyang	701848	China
Libreville	591356	Gabon
Lilongwe	683477	Malawi
Lima	7857121	Peru
Lipetsk	519026	Russia
Lisbon	508209	Portugal
Liuzhou	772579	China
L dz	762615	Poland
Lom	737751	Togo
London	7489022	United Kingdom
L pez Mateos	532615	Mexico
Los Angeles	3911500	United States of America
Luancheng	602090	China
Luanda	2875277	Angola
Lubumbashi	1425001	Congo (Dem. Rep.)
Ludhiana	1584743	India
Luoyang	1397051	China
Lusaka	1306577	Zambia
L?viv	714131	Ukraine
Maanshan	545734	China
Macei	989318	Brazil
Madras	4352932	India
Madrid	3146804	Spain
Madurai	905649	India
Maiduguri	1155094	Nigeria
Maisuru	902986	India
Makasar	1351104	Indonesia
Makhachkala	510775	Russia
M laga	553916	Spain
Malang	749593	Indonesia
Managua	990417	Nicaragua
Manaus	1642982	Brazil
Mandalay	1237028	Myanmar
Manila	10546511	Philippines
Maoming	508633	China
Maputo	1220167	Mozambique
Maracaibo	2000482	Venezuela
Mar del Plata	556477	Argentina
Marrakesh	855592	Morocco
Marseille	793352	France
Mashhad	2387734	Iran
Matola	556940	Mozambique
Mbuji-Mayi	896435	Congo (Dem. Rep.)
Mecca	1353480	Saudi Arabia
Medan	1757817	Indonesia
Medell n	2021392	Colombia
Meknes	555248	Morocco
Melbourne	3780871	Australia
Memphis	639736	United States of America
Mendoza	883827	Argentina
M rida	728271	Mexico
Mersin	626766	Turkey
Mexicali	606419	Mexico
Mexico City	8659409	Mexico
Milan	1316218	Italy
Milwaukee	575250	United States of America
Minsk	1747482	Belarus
Mira Bhayandar	740038	India
Mirat	1262757	India
Mixco	505879	Guatemala
Mogadishu	2723378	Somalia
Mombasa	823500	Kenya
Monrovia	954458	Liberia
Monterrey	1123777	Mexico
Montevideo	1271664	Uruguay
Montreal	3280123	Canada
Moradabad	742090	India
Morelia	601549	Mexico
Moscow	10472629	Russia
Mudanjiang	675831	China
Multan	1471978	Pakistan
Munich	1272179	Germany
Mykolayiv	510089	Ukraine
Naberezhnyye Chelny	521800	Russia
Nagoya	2194748	Japan
Nagpur	2272891	India
Nairobi	2864667	Kenya
Nanchang	1934445	China
Nanjing	3160179	China
Nanning	805718	China
Nantong	669817	China
Naples	983614	Italy
Nashik	1348872	India
Nashville	523547	United States of America
Natal	774336	Brazil
Naucalpan	847600	Mexico
Navi Mumbai	979458	India
N?Djam na	737281	Chad
Neijiang	548414	China
Newcastle	500085	Australia
New York	8124427	United States of America
Nezahualc yotl	1230816	Mexico
Niamey	801297	Niger
Niigata	506099	Japan
Ningbo	726201	China
Niyala	532183	Sudan
Nizhniy Novgorod	1275318	Russia
Nouakchott	731242	Mauritania
Nova Igua u	1019753	Brazil
Novokuznetsk	536257	Russia
Novosibirsk	1417107	Russia
Odesa	995028	Ukraine
Ogbomosho	902797	Nigeria
Okayama	642279	Japan
Oklahoma City	538141	United States of America
Omsk	1127864	Russia
Onitsha	576589	Nigeria
Orenburg	550552	Russia
Orumiyeh	623143	Iran
Osaka	2590815	Japan
Osasco	684040	Brazil
Oshogbo	523619	Nigeria
Oslo	821445	Norway
Ottawa	885542	Canada
Ouagadougou	1119775	Burkina Faso
Oyo	771729	Nigeria
Padang	869534	Indonesia
Palembang	1249543	Indonesia
Palermo	668275	Italy
Panjin	639632	China
Paris	2141839	France
Patna	1660126	India
Pekan Baru	677741	Indonesia
Peking	7602069	China
Penza	510851	Russia
Perm	976116	Russia
Perth	1472075	Australia
Peshawar	1253687	Pakistan
Petaling Jaya	535763	Malaysia
Philadelphia	1439814	United States of America
Phnum P nh	1673131	Cambodia
Phoenix	1450884	United States of America
Pietermaritzburg	797759	South Africa
Pimpri	1366010	India
Pingdingshan	893814	China
Pointe Noire	683621	Congo
Port-au-Prince	1277104	Haiti
Port Elizabeth	992669	South Africa
Port Harcourt	1177191	Nigeria
Portland	542751	United States of America
Porto Alegre	1380983	Brazil
Port Said	546776	Egypt
Poznan	567957	Poland
Prague	1168374	Czech Republic
Pretoria	1687779	South Africa
Puchon	840243	Korea (South)
Puebla	1416551	Mexico
Puente Alto	516347	Chile
Pune	3043128	India
Pusan	3672732	Korea (South)
Puyang	697988	China
Pyongyang	2992272	Korea (North)
Qingdao	1668503	China
Qinhuangdao	777519	China
Qiqihar	894833	China
Qom	1046578	Iran
Quebec	647916	Canada
Quer taro	627721	Mexico
Quetta	759894	Pakistan
Quito	1399814	Ecuador
Rabat	1688738	Morocco
Raipur	699683	India
Rajkot	1237157	India
Rajshahi	713533	Bangladesh
Ranchi	970602	India
Rangoon	4572948	Myanmar
Rasht	618589	Iran
Rawalpindi	1793197	Pakistan
Recife	1489055	Brazil
Reynosa	519393	Mexico
Ribeir o Preto	560393	Brazil
Riga	738386	Latvia
Rio de Janeiro	6055582	Brazil
Riyadh	4328067	Saudi Arabia
Rome	2561181	Italy
Rongcheng	1102568	China
Rosario	1176177	Argentina
Rostov-na-Donu	1076897	Russia
Rotterdam	597481	Netherlands
Ryazan	519749	Russia
Sagamihara	657699	Japan
Saint Petersburg	4014710	Russia
Saitama	1088954	Japan
Sakai	780367	Japan
Salta	523878	Argentina
Saltillo	633414	Mexico
Salvador	2762758	Brazil
Samara	1127228	Russia
San?a	1921589	Yemen
San Antonio	1278171	United States of America
San Diego	1299352	United States of America
San Francisco	723724	United States of America
Sangli-Miraj	505711	India
San Jose	897883	United States of America
San Luis Potos	687623	Mexico
San Nicol s de los Garza	509756	Mexico
San Pedro Sula	502939	Honduras
San Salvador	534409	El Salvador
Santa Cruz	1404609	Bolivia
Santiago	4893495	Chile
Santiago	572535	Dominican Republic
Santiago de Cuba	563001	Cuba
Santo Andr	664670	Brazil
Santo Domingo	2253437	Dominican Republic
Sao Bernardo do Campos	756260	Brazil
Sao Gon alo	949783	Brazil
Sao Jos dos Campos	630107	Brazil
Sao Lu s	935083	Brazil
Sao Paulo	10059502	Brazil
Sapporo	1895505	Japan
Sarajevo	737350	Bosnia and Herzegovina
Saratov	860796	Russia
Sargodha	554547	Pakistan
Seattle	570430	United States of America
Selam	801137	India
Semarang	1287754	Indonesia
Sendai	1043834	Japan
Sevilla	702516	Spain
Shah Alam	521219	Malaysia
Shanghai	15017783	China
Shantou	1370361	China
Shaoguan	656561	China
Shaoyang	657622	China
Sharjah	564620	United Arab Emirates
Shashi	514672	China
Shatian	662208	China
Shenyang	3538726	China
Shenzhen	1072093	China
Shihezi	581955	China
Shihung	708271	Korea (South)
Shijiazhuang	2080120	China
Shiliguri	527223	India
Shiraz	1279140	Iran
Shizuoka	700506	Japan
Sholapur	1030655	India
Shubra-El-Khema	1005975	Egypt
Singapore	3601745	Singapore
Siping	575804	China
Sofia	1166143	Bulgaria
Sokoto	583039	Nigeria
Songnam	1052440	Korea (South)
Sorocaba	573728	Brazil
Soul	10409345	Korea (South)
Soweto	1766824	South Africa
Srinagar	996400	India
Stockholm	1260712	Sweden
Stuttgart	590367	Germany
Subang Jaya	954266	Malaysia
Surabaya	2366850	Indonesia
Surakarta	557628	Indonesia
Surat	3022821	India
Suwon	1306343	Korea (South)
Suzhou	1398433	China
Sydney	4444513	Australia
Tabriz	1460961	Iran
Taegu	2580024	Korea (South)
Taejon	1495342	Korea (South)
Taian	787375	China
Taichung	1103794	Taiwan
Tainan	735787	Taiwan
Taipei	2491662	Taiwan
Taiyuan	2752516	China
Taizhou	615633	China
Ta?izz	690689	Yemen
Tangerang	1402600	Indonesia
Tanggu	549723	China
Tangier	707417	Morocco
Tangshan	1610214	China
Tashkent	1967879	Uzbekistan
Tbilisi	1038343	Georgia
Tegucigalpa	872403	Honduras
Tehran	7160094	Iran
Tembisa	543846	South Africa
Teresina	758666	Brazil
Thana	1548351	India
Thiruvananthapuram	793841	India
Tianjin	3761272	China
Tijuana	1427118	Mexico
Tiruchchirappalli	782442	India
Tlalnepantla	715026	Mexico
Tlaquepaque	501185	Mexico
Tokyo	8372440	Japan
Toluca	520660	Mexico
Tolyatti	723927	Russia
Toronto	4670783	Canada
Torre n	528012	Mexico
Tripoli	1164634	Libya
Trujillo	768267	Peru
Tucson	525268	United States of America
Tucum n	792365	Argentina
Tunis	693294	Tunisia
Turin	873123	Italy
Tyumen	521990	Russia
Uberl ndia	580576	Brazil
Ufa	1030423	Russia
Uijongbu	506719	Korea (South)
Ulaanbaatar	862842	Mongolia
Ulhasnagar	527749	India
Ulsan	983199	Korea (South)
Ulyanovsk	642257	Russia
Umm Durman	2970099	Sudan
Urumqi	1538778	China
Vadodara	1435716	India
Valencia	1421142	Venezuela
Valencia	803438	Spain
Vancouver	1839314	Canada
Varanasi	1179484	India
Veracruz	574844	Mexico
Vienna	1570976	Austria
Vijayawada	886519	India
Vilnius	542014	Lithuania
Visakhapatnam	1087237	India
Vladivostok	584496	Russia
Volgograd	1010221	Russia
Voronezh	837946	Russia
Wahran	642498	Algeria
Warangal	564826	India
Warri	546576	Nigeria
Warsaw	1634441	Poland
Washington	548359	United States of America
Wenzhou	873290	China
Winnipeg	632857	Canada
Wroclaw	633276	Poland
Wuhan	4236023	China
Wuhu	510997	China
Wuxi	1139609	China
Xiamen	592372	China
Xian	4091916	China
Xianggangdao	1321432	China
Xiangtan	676218	China
Xianyang	1055317	China
Xingtai	639839	China
Xining	770872	China
Xinxiang	747060	China
Xinyang	1653171	China
Xuzhou	1231240	China
Yancheng	631805	China
Yangzhou	542604	China
Yantai	740249	China
Yaound	1344617	Cameroon
Yaroslavl	604725	Russia
Yazd	505037	Iran
Yekaterinburg	1285879	Russia
Yerevan	1090537	Armenia
Yingkou	600352	China
Yogyakarta	653124	Indonesia
Yokohama	3603710	Japan
Yuanlong	571175	China
Yueyang	529730	China
Zagreb	700717	Croatia
Zahedan	570389	Iran
Zapopan	1003742	Mexico
Zaporizhzhya	791626	Ukraine
Zaragoza	658186	Spain
Zaria	998032	Nigeria
Zhangdian	673696	China
Zhangjiakou	726070	China
Zhangzhou	610379	China
Zhanjiang	658290	China
Zhengzhou	2023495	China
Zhenjiang	635937	China
Zhuhai	513953	China
Zhunmen	508564	China
Zhuzhou	711493	China
Zigong	691930	China
