US	CA	San Francisco	Alamo Square
US	CA	San Francisco	Ashbury Heights
US	CA	San Francisco	Bayview
US	CA	San Francisco	Bernal Heights
US	CA	San Francisco	Castro
US	CA	San Francisco	Civic Center Area
US	CA	San Francisco	Cole Valley 
US	CA	San Francisco	Cow Hollow
US	CA	San Francisco	Diamond Heights
US	CA	San Francisco	Downtown
US	CA	San Francisco	Excelsior
US	CA	San Francisco	Financial District
US	CA	San Francisco	Forest Hill
US	CA	San Francisco	Glen Park
US	CA	San Francisco	Haight Ashbury
US	CA	San Francisco	Hayes Valley
US	CA	San Francisco	Ingleside
US	CA	San Francisco	Inner Richmond
US	CA	San Francisco	Inner Sunset 
US	CA	San Francisco	Laurel Heights
US	CA	San Francisco	Lower Haight
US	CA	San Francisco	Lower Nob Hill
US	CA	San Francisco	Lower Pacific Heights
US	CA	San Francisco	Marina
US	CA	San Francisco	Mission District
US	CA	San Francisco	Nob Hill
US	CA	San Francisco	Noe Valley
US	CA	San Francisco	NOPA
US	CA	San Francisco	North Beach
US	CA	San Francisco	Outer Mission
US	CA	San Francisco	Pacific Heights
US	CA	San Francisco	Panhandle
US	CA	San Francisco	Parkside
US	CA	San Francisco	Portola District
US	CA	San Francisco	Potrero Hill
US	CA	San Francisco	Presidio
US	CA	San Francisco	Richmond
US	CA	San Francisco	Russian Hill
US	CA	San Francisco	Seacliff
US	CA	San Francisco	SOMA
US	CA	San Francisco	South Beach
US	CA	San Francisco	Sunset
US	CA	San Francisco	Telegraph Hill
US	CA	San Francisco	Tenderloin
US	CA	San Francisco	Treasure Island
US	CA	San Francisco	Twin Peaks
US	CA	San Francisco	Upper Market
US	CA	San Francisco	USF
US	CA	San Francisco	Van Ness Area
US	CA	San Francisco	Visitacion Valley
US	CA	San Francisco	Western Addition
US	CA	San Francisco	West Portal
